timestamp,source_entity,destination_entity,source_port,destination_port,protocol,bytes,packets,duration,tcp_flags,syn_count,ack_count,iat_mean,bidirectional_ratio,failed_auth,ttl,tcp_window_size,fragment_flags,retransmission
2026-01-01T00:00:00.553Z,host-07,web-proxy,55055,443,6,1050,5,0.882,SYN ACK,1,4,0.0727,0.669,0,64,65535,16384,0
2026-01-01T00:00:07.804Z,host-02,file-server,40437,80,6,2114,13,0.397,SYN ACK,1,12,0.1137,0.589,0,64,64240,16384,0
2026-01-01T00:00:14.530Z,host-06,auth-service,44588,80,6,4422,26,1.124,SYN ACK,1,25,0.1117,0.631,0,64,65535,16384,0
2026-01-01T00:00:18.028Z,host-04,auth-service,43158,443,6,1154,22,0.405,SYN ACK,1,21,0.1192,0.659,0,64,65535,16384,0
2026-01-01T00:00:20.714Z,host-03,auth-service,48124,443,6,2672,21,0.93,SYN ACK,1,20,0.1041,0.689,0,64,64240,16384,1
2026-01-01T00:00:31.353Z,host-04,web-proxy,55730,8443,6,3408,24,0.985,SYN ACK,1,23,0.1195,0.555,0,64,8192,16384,0
2026-01-01T00:00:39.843Z,host-04,auth-service,47461,80,6,4120,28,0.953,SYN ACK,1,27,0.1338,0.519,0,64,8192,16384,0
2026-01-01T00:00:41.019Z,host-01,file-server,46003,443,6,1076,27,1.5,SYN ACK,1,26,0.1548,0.774,0,64,65535,16384,0
2026-01-01T00:00:49.477Z,host-02,web-proxy,51512,443,6,3751,21,1.02,SYN ACK,1,20,0.1019,0.718,0,64,64240,16384,0
2026-01-01T00:00:54.385Z,host-04,file-server,56433,443,6,4025,30,1.224,SYN ACK,1,29,0.1369,0.479,0,64,64240,16384,0
2026-01-01T00:01:07.581Z,host-03,file-server,44293,53,6,4671,10,0.642,SYN ACK,1,9,0.119,0.628,0,64,64240,16384,0
2026-01-01T00:01:18.478Z,host-04,web-proxy,42817,80,6,2506,19,0.966,SYN ACK,1,18,0.1001,0.776,0,64,64240,16384,1
2026-01-01T00:01:24.501Z,host-06,file-server,48022,8443,6,5752,28,0.768,SYN ACK,1,27,0.1342,0.797,0,64,8192,16384,0
2026-01-01T00:01:30.588Z,host-02,file-server,52949,443,6,3747,7,0.955,SYN ACK,1,6,0.126,0.53,0,64,8192,16384,0
2026-01-01T00:01:52.168Z,host-02,file-server,40903,8443,6,2844,10,1.415,SYN ACK,1,9,0.0662,0.562,0,64,65535,16384,0
2026-01-01T00:01:57.145Z,host-03,auth-service,48734,443,6,2614,29,0.754,SYN ACK,1,28,0.1308,0.603,0,64,8192,16384,0
2026-01-01T00:02:02.985Z,host-01,auth-service,48401,80,6,5426,15,0.843,SYN ACK,1,14,0.1069,0.923,0,64,8192,16384,1
2026-01-01T00:02:08.047Z,host-03,web-proxy,42899,443,6,931,20,0.904,SYN ACK,1,19,0.1119,0.851,0,64,64240,16384,0
2026-01-01T00:02:08.626Z,host-03,web-proxy,56123,80,6,4883,17,1.531,SYN ACK,1,16,0.0759,0.512,0,64,65535,16384,0
2026-01-01T00:02:21.915Z,host-01,file-server,54115,8443,6,2771,30,0.775,SYN ACK,1,29,0.1161,0.792,0,64,64240,16384,0
2026-01-01T00:02:23.582Z,host-08,web-proxy,54710,8443,6,5223,6,0.978,SYN ACK,1,5,0.1236,0.587,0,64,29200,16384,0
2026-01-01T00:02:27.307Z,host-08,web-proxy,58802,8443,6,4337,20,1.203,SYN ACK,1,19,0.0845,0.753,0,64,8192,16384,0
2026-01-01T00:02:34.878Z,host-01,auth-service,47823,53,6,5746,22,1.497,SYN ACK,1,21,0.077,0.675,0,64,65535,16384,0
2026-01-01T00:02:35.758Z,host-04,file-server,53014,53,6,3671,4,1.514,SYN ACK,1,3,0.0966,0.702,0,64,8192,16384,0
2026-01-01T00:02:37.085Z,host-01,web-proxy,54671,53,6,1403,22,1.143,SYN ACK,1,21,0.073,0.696,0,64,8192,16384,0
2026-01-01T00:02:43.419Z,host-04,auth-service,50274,8443,6,5615,29,1.167,SYN ACK,1,28,0.1297,0.632,0,64,65535,16384,0
2026-01-01T00:03:02.557Z,host-01,web-proxy,57131,8443,6,5318,13,0.292,SYN ACK,1,12,0.0994,0.477,0,64,64240,16384,0
2026-01-01T00:03:04.261Z,host-04,auth-service,43098,443,6,655,30,1.443,SYN ACK,1,29,0.0879,0.609,0,64,8192,16384,0
2026-01-01T00:03:06.650Z,host-02,file-server,46642,8443,6,5190,22,1.107,SYN ACK,1,21,0.1014,0.664,0,64,29200,16384,0
2026-01-01T00:03:06.652Z,host-03,auth-service,45740,443,6,4285,26,1.013,SYN ACK,1,25,0.0982,0.574,0,64,8192,16384,0
2026-01-01T00:03:06.691Z,host-05,auth-service,49619,443,6,2550,25,0.765,SYN ACK,1,24,0.0776,0.887,0,64,29200,16384,0
2026-01-01T00:03:08.448Z,host-04,file-server,52429,8443,6,1162,21,0.978,SYN ACK,1,20,0.1178,0.814,0,64,8192,16384,0
2026-01-01T00:03:41.425Z,host-01,auth-service,50687,53,6,5454,30,1.111,SYN ACK,1,29,0.1294,0.847,0,64,8192,16384,0
2026-01-01T00:03:43.009Z,host-05,auth-service,57489,443,6,5302,21,1.547,SYN ACK,1,20,0.1121,0.691,0,64,65535,16384,0
2026-01-01T00:03:44.655Z,host-07,file-server,46670,443,6,1293,11,1.329,SYN ACK,1,10,0.1182,0.737,0,64,29200,16384,0
2026-01-01T00:03:56.584Z,host-01,web-proxy,55699,53,6,5337,25,0.926,SYN ACK,1,24,0.1056,0.568,0,64,65535,16384,1
2026-01-01T00:03:56.827Z,host-05,file-server,54264,8443,6,1338,5,1.108,SYN ACK,1,4,0.1036,0.756,0,64,64240,16384,0
2026-01-01T00:04:03.942Z,host-02,auth-service,50819,53,6,4161,15,0.492,SYN ACK,1,14,0.0886,0.711,0,64,29200,16384,0
2026-01-01T00:04:20.930Z,host-06,web-proxy,40592,443,6,3503,18,1.445,SYN ACK,1,17,0.0887,0.622,0,64,29200,16384,0
2026-01-01T00:04:23.864Z,host-08,file-server,48690,443,6,3722,30,0.982,SYN ACK,1,29,0.0431,0.806,0,64,65535,16384,1
2026-01-01T00:04:25.781Z,host-04,web-proxy,40264,53,6,2312,30,0.39,SYN ACK,1,29,0.1726,0.732,0,64,29200,16384,0
2026-01-01T00:04:38.146Z,host-08,file-server,55161,80,6,2189,23,0.689,SYN ACK,1,22,0.0843,0.63,0,64,29200,16384,0
2026-01-01T00:04:56.234Z,host-03,auth-service,55945,53,6,5524,29,1.01,SYN ACK,1,28,0.0895,0.627,0,64,65535,16384,0
2026-01-01T00:04:57.648Z,host-07,auth-service,47066,80,6,4658,20,1.068,SYN ACK,1,19,0.1028,0.782,0,64,65535,16384,0
2026-01-01T00:04:58.812Z,host-07,web-proxy,54380,8443,6,954,30,0.243,SYN ACK,1,29,0.0479,0.769,0,64,65535,16384,0
2026-01-01T00:05:08.691Z,host-02,auth-service,48919,443,6,2394,17,1.422,SYN ACK,1,16,0.0776,0.77,0,64,65535,16384,0
2026-01-01T00:05:09.728Z,host-08,web-proxy,47496,8443,6,1243,7,1.19,SYN ACK,1,6,0.1355,0.628,0,64,64240,16384,0
2026-01-01T00:05:10.247Z,host-01,auth-service,52741,53,6,4889,28,0.863,SYN ACK,1,27,0.1323,0.806,0,64,29200,16384,0
2026-01-01T00:05:40.866Z,host-08,web-proxy,41544,80,6,1723,20,1.448,SYN ACK,1,19,0.1088,0.691,0,64,64240,16384,0
2026-01-01T00:05:47.758Z,host-02,file-server,55884,443,6,1008,25,1.023,SYN ACK,1,24,0.0546,0.598,0,64,29200,16384,1
2026-01-01T00:05:48.662Z,host-03,web-proxy,48466,8443,6,1648,28,0.909,SYN ACK,1,27,0.1585,0.642,0,64,64240,16384,0
2026-01-01T00:05:50.165Z,host-03,web-proxy,55190,80,6,1186,13,1.065,SYN ACK,1,12,0.0678,0.631,0,64,65535,16384,0
2026-01-01T00:05:50.579Z,host-03,web-proxy,44460,80,6,4473,7,1.149,SYN ACK,1,6,0.097,0.681,0,64,29200,16384,0
2026-01-01T00:05:50.987Z,host-06,auth-service,55450,443,6,4474,24,1.106,SYN ACK,1,23,0.104,0.945,0,64,29200,16384,0
2026-01-01T00:06:10.463Z,host-03,web-proxy,48547,8443,6,4868,6,1.133,SYN ACK,1,5,0.0721,0.754,0,64,29200,16384,0
2026-01-01T00:06:20.096Z,host-06,file-server,48321,8443,6,3947,21,1.271,SYN ACK,1,20,0.0918,0.899,0,64,64240,16384,0
2026-01-01T00:06:26.339Z,host-01,web-proxy,53522,80,6,1188,30,0.539,SYN ACK,1,29,0.1359,0.706,0,64,8192,16384,0
2026-01-01T00:06:26.930Z,host-07,file-server,48735,53,6,3801,5,1.105,SYN ACK,1,4,0.0981,0.595,0,64,65535,16384,0
2026-01-01T00:06:29.220Z,host-03,file-server,58013,443,6,5840,10,1.2,SYN ACK,1,9,0.0818,0.543,0,64,65535,16384,0
2026-01-01T00:06:30.578Z,host-05,auth-service,45057,53,6,5229,4,1.032,SYN ACK,1,3,0.1397,0.645,0,64,8192,16384,0
2026-01-01T00:06:42.440Z,host-07,web-proxy,41973,53,6,2646,11,1.753,SYN ACK,1,10,0.1269,0.584,0,64,65535,16384,1
2026-01-01T00:07:13.131Z,host-06,web-proxy,55364,443,6,5695,17,1.059,SYN ACK,1,16,0.0555,0.755,0,64,29200,16384,0
2026-01-01T00:07:16.848Z,host-02,web-proxy,55268,443,6,4421,12,1.309,SYN ACK,1,11,0.1067,0.713,0,64,64240,16384,0
2026-01-01T00:07:22.775Z,host-04,auth-service,48009,53,6,983,6,1.038,SYN ACK,1,5,0.107,0.555,0,64,64240,16384,0
2026-01-01T00:07:24.382Z,host-08,file-server,58073,80,6,4731,23,1.238,SYN ACK,1,22,0.0749,0.85,0,64,64240,16384,0
2026-01-01T00:07:33.502Z,host-08,file-server,40153,53,6,1196,5,0.834,SYN ACK,1,4,0.0361,0.63,0,64,64240,16384,0
2026-01-01T00:07:47.261Z,host-06,file-server,40590,443,6,3021,21,1.63,SYN ACK,1,20,0.0481,0.586,0,64,65535,16384,0
2026-01-01T00:07:48.436Z,host-04,file-server,43283,53,6,2713,10,0.632,SYN ACK,1,9,0.1125,0.523,0,64,65535,16384,1
2026-01-01T00:07:56.316Z,host-06,auth-service,43755,443,6,2755,6,0.919,SYN ACK,1,5,0.1016,0.634,0,64,29200,16384,0
2026-01-01T00:08:07.405Z,host-03,auth-service,54047,80,6,3360,9,1.173,SYN ACK,1,8,0.1352,0.817,0,64,64240,16384,0
2026-01-01T00:08:17.271Z,host-07,auth-service,47880,80,6,924,24,1.007,SYN ACK,1,23,0.1337,0.938,0,64,29200,16384,0
2026-01-01T00:08:17.850Z,host-03,file-server,52068,53,6,3324,4,0.753,SYN ACK,1,3,0.1284,0.796,0,64,64240,16384,0
2026-01-01T00:08:18.616Z,host-02,web-proxy,45345,80,6,5941,29,1.406,SYN ACK,1,28,0.1006,0.732,0,64,65535,16384,0
2026-01-01T00:08:26.661Z,host-08,file-server,53567,53,6,3055,19,1.202,SYN ACK,1,18,0.0783,0.95,0,64,29200,16384,0
2026-01-01T00:08:29.023Z,host-02,auth-service,54970,8443,6,5378,11,1.565,SYN ACK,1,10,0.059,0.548,0,64,29200,16384,0
2026-01-01T00:08:31.165Z,host-02,web-proxy,44220,443,6,3374,18,0.989,SYN ACK,1,17,0.1208,0.613,0,64,64240,16384,0
2026-01-01T00:08:49.421Z,host-07,file-server,52211,53,6,2794,20,0.816,SYN ACK,1,19,0.1414,0.59,0,64,64240,16384,0
2026-01-01T00:08:53.321Z,host-06,web-proxy,49545,53,6,2558,26,0.924,SYN ACK,1,25,0.1068,0.799,0,64,65535,16384,1
2026-01-01T00:08:54.877Z,host-06,auth-service,47209,80,6,2941,19,1.004,SYN ACK,1,18,0.0571,0.782,0,64,29200,16384,0
2026-01-01T00:09:10.011Z,host-04,auth-service,49065,53,6,5478,11,1.261,SYN ACK,1,10,0.071,0.559,0,64,29200,16384,0
2026-01-01T00:09:15.494Z,host-05,file-server,40543,53,6,2004,7,1.281,SYN ACK,1,6,0.0762,0.782,0,64,29200,16384,1
2026-01-01T00:09:17.334Z,host-02,auth-service,58121,80,6,3524,19,1.309,SYN ACK,1,18,0.1114,0.738,0,64,29200,16384,0
2026-01-01T00:09:23.800Z,host-02,auth-service,50253,443,6,5920,8,1.256,SYN ACK,1,7,0.1041,0.627,0,64,64240,16384,0
2026-01-01T00:09:37.344Z,host-02,web-proxy,43663,53,6,5129,14,1.667,SYN ACK,1,13,0.1551,0.532,0,64,29200,16384,0
2026-01-01T00:09:44.211Z,host-07,file-server,53711,80,6,4374,11,0.611,SYN ACK,1,10,0.1011,0.802,0,64,29200,16384,0
2026-01-01T00:09:51.978Z,host-08,web-proxy,43774,443,6,3730,30,1.032,SYN ACK,1,29,0.1156,0.814,0,64,8192,16384,0
2026-01-01T00:10:02.898Z,host-08,file-server,46307,8443,6,4414,13,1.403,SYN ACK,1,12,0.0995,0.719,0,64,65535,16384,0
2026-01-01T00:10:04.726Z,host-08,file-server,42907,443,6,2637,28,1.394,SYN ACK,1,27,0.0868,0.677,0,64,65535,16384,0
2026-01-01T00:10:08.254Z,host-02,file-server,45115,8443,6,2740,6,0.977,SYN ACK,1,5,0.1845,0.616,0,64,8192,16384,0
2026-01-01T00:10:09.847Z,host-02,web-proxy,51319,8443,6,4885,4,0.834,SYN ACK,1,3,0.1109,0.71,0,64,65535,16384,0
2026-01-01T00:10:11.488Z,host-05,web-proxy,57397,443,6,4144,18,0.369,SYN ACK,1,17,0.0979,0.559,0,64,65535,16384,1
2026-01-01T00:10:12.550Z,host-05,web-proxy,53917,8443,6,5502,18,1.197,SYN ACK,1,17,0.0777,0.503,0,64,29200,16384,0
2026-01-01T00:10:13.316Z,host-04,file-server,59918,80,6,2961,29,1.001,SYN ACK,1,28,0.1039,0.615,0,64,8192,16384,1
2026-01-01T00:10:14.347Z,host-03,file-server,47109,8443,6,4235,6,0.971,SYN ACK,1,5,0.1167,0.775,0,64,8192,16384,0
2026-01-01T00:10:19.540Z,host-06,auth-service,53828,8443,6,5072,8,0.412,SYN ACK,1,7,0.1414,0.953,0,64,65535,16384,0
2026-01-01T00:10:26.949Z,host-06,auth-service,46831,53,6,4679,23,1.106,SYN ACK,1,22,0.0906,0.624,0,64,65535,16384,0
2026-01-01T00:10:58.438Z,host-08,file-server,41527,53,6,1430,6,0.99,SYN ACK,1,5,0.1366,0.744,0,64,8192,16384,0
2026-01-01T00:11:27.939Z,host-08,web-proxy,40591,8443,6,4924,19,1.079,SYN ACK,1,18,0.081,0.779,0,64,8192,16384,0
2026-01-01T00:11:32.796Z,host-03,file-server,48785,80,6,2348,23,0.408,SYN ACK,1,22,0.1236,0.694,0,64,65535,16384,0
2026-01-01T00:11:37.899Z,host-01,auth-service,51382,443,6,4819,4,1.314,SYN ACK,1,3,0.0579,0.701,0,64,65535,16384,0
2026-01-01T00:11:48.666Z,host-06,web-proxy,50936,8443,6,3975,12,0.952,SYN ACK,1,11,0.14,0.915,0,64,8192,16384,0
2026-01-01T00:11:54.043Z,host-06,web-proxy,56775,443,6,3362,25,1.254,SYN ACK,1,24,0.1266,0.763,0,64,29200,16384,0
2026-01-01T00:11:55.477Z,host-03,web-proxy,59950,443,6,5789,11,1.327,SYN ACK,1,10,0.09,0.686,0,64,64240,16384,0
2026-01-01T00:12:11.072Z,host-05,web-proxy,53213,443,6,3797,20,0.871,SYN ACK,1,19,0.1284,0.805,0,64,65535,16384,0
2026-01-01T00:12:12.648Z,host-02,file-server,58906,8443,6,5052,13,1.406,SYN ACK,1,12,0.1415,0.568,0,64,29200,16384,0
2026-01-01T00:12:13.087Z,host-01,auth-service,46921,443,6,1224,12,1.166,SYN ACK,1,11,0.0458,0.854,0,64,65535,16384,0
2026-01-01T00:12:15.511Z,host-04,web-proxy,43481,53,6,1218,27,1.491,SYN ACK,1,26,0.1305,0.823,0,64,29200,16384,0
2026-01-01T00:12:20.611Z,host-03,file-server,50019,8443,6,459,19,0.788,SYN ACK,1,18,0.1167,0.617,0,64,29200,16384,1
2026-01-01T00:12:22.054Z,host-07,auth-service,41496,80,6,852,24,0.818,SYN ACK,1,23,0.1223,0.727,0,64,29200,16384,0
2026-01-01T00:12:22.376Z,host-04,auth-service,52058,443,6,1909,29,0.97,SYN ACK,1,28,0.039,0.927,0,64,64240,16384,0
2026-01-01T00:12:22.708Z,host-07,web-proxy,40242,80,6,4090,16,0.698,SYN ACK,1,15,0.103,0.659,0,64,65535,16384,0
2026-01-01T00:12:25.227Z,host-08,web-proxy,55155,443,6,3964,8,1.052,SYN ACK,1,7,0.1346,0.656,0,64,65535,16384,1
2026-01-01T00:12:28.984Z,host-04,auth-service,45323,80,6,3088,20,1.07,SYN ACK,1,19,0.0815,0.704,0,64,8192,16384,0
2026-01-01T00:12:46.105Z,host-07,web-proxy,53351,53,6,4206,12,0.709,SYN ACK,1,11,0.0911,0.796,0,64,64240,16384,0
2026-01-01T00:12:52.480Z,host-07,file-server,56661,53,6,1828,6,1.057,SYN ACK,1,5,0.1054,0.685,0,64,65535,16384,0
2026-01-01T00:13:03.164Z,host-01,file-server,41652,53,6,5984,7,1.043,SYN ACK,1,6,0.1366,0.621,0,64,8192,16384,0
2026-01-01T00:13:07.815Z,host-01,web-proxy,52360,80,6,4981,8,1.257,SYN ACK,1,7,0.0973,0.784,0,64,8192,16384,0
2026-01-01T00:13:15.508Z,host-01,web-proxy,54079,80,6,2754,21,0.507,SYN ACK,1,20,0.107,0.604,0,64,64240,16384,0
2026-01-01T00:13:17.507Z,host-04,file-server,45481,53,6,3337,23,1.56,SYN ACK,1,22,0.1022,0.815,0,64,29200,16384,0
2026-01-01T00:13:18.826Z,host-07,file-server,43150,53,6,2048,4,0.889,SYN ACK,1,3,0.0963,0.665,0,64,29200,16384,1
2026-01-01T00:13:19.288Z,host-03,web-proxy,44196,80,6,468,20,1.41,SYN ACK,1,19,0.0894,0.801,0,64,65535,16384,0
2026-01-01T00:13:23.826Z,host-04,web-proxy,56725,8443,6,971,8,0.76,SYN ACK,1,7,0.0632,0.712,0,64,64240,16384,0
2026-01-01T00:13:51.678Z,host-03,auth-service,45525,53,6,1801,9,0.879,SYN ACK,1,8,0.1044,0.829,0,64,29200,16384,0
2026-01-01T00:13:52.968Z,host-03,file-server,51190,443,6,563,17,0.715,SYN ACK,1,16,0.0777,0.811,0,64,65535,16384,0
2026-01-01T00:14:10.729Z,host-08,file-server,40287,8443,6,1547,13,1.053,SYN ACK,1,12,0.1172,0.555,0,64,65535,16384,0
2026-01-01T00:14:11.833Z,host-02,web-proxy,51349,443,6,5733,7,1.038,SYN ACK,1,6,0.1512,0.71,0,64,64240,16384,0
2026-01-01T00:14:19.913Z,host-02,auth-service,58802,443,6,838,15,1.03,SYN ACK,1,14,0.0693,0.719,0,64,65535,16384,0
2026-01-01T00:14:24.836Z,host-05,web-proxy,57828,443,6,4964,20,0.89,SYN ACK,1,19,0.1503,0.743,0,64,8192,16384,1
2026-01-01T00:14:27.303Z,host-08,file-server,58195,53,6,530,30,1.313,SYN ACK,1,29,0.1375,0.68,0,64,64240,16384,0
2026-01-01T00:14:30.511Z,host-07,auth-service,56296,80,6,5769,17,0.316,SYN ACK,1,16,0.1401,0.599,0,64,8192,16384,0
2026-01-01T00:14:36.758Z,host-04,web-proxy,53089,80,6,1812,20,1.172,SYN ACK,1,19,0.1183,0.71,0,64,8192,16384,0
2026-01-01T00:14:38.631Z,host-08,file-server,53392,443,6,2819,24,1.377,SYN ACK,1,23,0.0701,0.718,0,64,8192,16384,0
2026-01-01T00:14:40.023Z,host-01,auth-service,46192,8443,6,1434,5,1.324,SYN ACK,1,4,0.0997,0.793,0,64,8192,16384,0
2026-01-01T00:14:50.365Z,host-02,web-proxy,53115,443,6,1114,26,0.919,SYN ACK,1,25,0.2087,0.745,0,64,8192,16384,0
2026-01-01T00:15:03.234Z,host-02,file-server,57365,53,6,4465,11,1.241,SYN ACK,1,10,0.0732,0.783,0,64,8192,16384,1
2026-01-01T00:15:03.547Z,host-06,web-proxy,40390,8443,6,4313,22,0.617,SYN ACK,1,21,0.1113,0.716,0,64,65535,16384,0
2026-01-01T00:15:04.138Z,host-06,auth-service,40575,443,6,507,29,1.143,SYN ACK,1,28,0.1102,0.743,0,64,8192,16384,0
2026-01-01T00:15:15.427Z,host-04,auth-service,47803,8443,6,5828,12,0.825,SYN ACK,1,11,0.1456,0.559,0,64,8192,16384,0
2026-01-01T00:15:26.976Z,host-04,web-proxy,49856,53,6,1667,17,1.037,SYN ACK,1,16,0.0724,0.614,0,64,64240,16384,0
2026-01-01T00:15:28.665Z,host-02,file-server,41494,80,6,2812,24,1.37,SYN ACK,1,23,0.0788,0.706,0,64,65535,16384,1
2026-01-01T00:15:31.257Z,host-01,web-proxy,47162,53,6,3484,6,0.771,SYN ACK,1,5,0.1184,0.699,0,64,29200,16384,0
2026-01-01T00:15:33.115Z,host-05,file-server,50375,53,6,2998,9,1.436,SYN ACK,1,8,0.0766,0.666,0,64,65535,16384,0
2026-01-01T00:15:45.669Z,host-03,file-server,50144,80,6,1486,5,1.075,SYN ACK,1,4,0.1132,0.736,0,64,64240,16384,0
2026-01-01T00:15:51.880Z,host-01,file-server,41066,443,6,2449,8,0.46,SYN ACK,1,7,0.0856,0.703,0,64,8192,16384,0
2026-01-01T00:16:02.737Z,host-06,auth-service,46659,135,6,93,2,1.183,SYN RST,1,1,1.9849,0.666,0,64,5840,0,0
2026-01-01T00:16:03.851Z,host-06,host-06,56116,3306,6,47,2,0.89,SYN RST,1,1,2.3913,0.713,0,61,5840,16384,0
2026-01-01T00:16:21.484Z,host-05,file-server,40537,80,6,1516,22,0.843,SYN ACK,1,21,0.12,0.721,0,64,29200,16384,0
2026-01-01T00:16:22.744Z,host-04,auth-service,41601,443,6,5616,8,1.343,SYN ACK,1,7,0.1193,0.66,0,64,65535,16384,0
2026-01-01T00:16:35.715Z,host-06,auth-service,48560,22,6,54,2,1.441,SYN RST,1,1,2.9876,0.661,0,64,2920,0,0
2026-01-01T00:16:35.750Z,host-07,web-proxy,47002,443,6,4089,6,1.13,SYN ACK,1,5,0.0935,0.59,0,64,8192,16384,0
2026-01-01T00:16:37.982Z,host-02,auth-service,43183,443,6,1551,29,1.084,SYN ACK,1,28,0.1223,1.0,0,64,64240,16384,1
2026-01-01T00:16:39.196Z,host-06,file-server,54255,443,6,4719,14,1.448,SYN ACK,1,13,0.0946,0.707,0,64,8192,16384,0
2026-01-01T00:16:39.544Z,host-06,file-server,45509,8443,6,5286,28,0.658,SYN ACK,1,27,0.1296,0.623,0,64,8192,16384,0
2026-01-01T00:16:50.677Z,host-06,auth-service,51315,80,6,1964,16,1.142,SYN ACK,1,15,0.1013,0.635,0,64,29200,16384,0
2026-01-01T00:16:53.993Z,host-01,web-proxy,48687,8443,6,3798,17,1.223,SYN ACK,1,16,0.0849,0.833,0,64,64240,16384,0
2026-01-01T00:16:56.564Z,host-01,file-server,46938,80,6,1247,10,0.446,SYN ACK,1,9,0.0673,0.687,0,64,64240,16384,0
2026-01-01T00:17:02.350Z,host-06,host-03,48383,1433,6,51,2,0.655,SYN RST,1,1,1.2779,0.627,0,64,5840,0,0
2026-01-01T00:17:07.136Z,host-02,auth-service,54853,8443,6,4815,7,1.354,SYN ACK,1,6,0.1069,0.56,0,64,64240,16384,0
2026-01-01T00:17:10.163Z,host-06,host-06,48733,3306,6,61,2,1.02,SYN RST,1,1,3.1477,0.693,0,61,5840,0,0
2026-01-01T00:17:10.599Z,host-06,web-proxy,44850,80,6,2841,18,0.532,SYN ACK,1,17,0.1043,0.742,0,64,65535,16384,0
2026-01-01T00:17:15.070Z,host-08,file-server,40454,80,6,5201,18,0.946,SYN ACK,1,17,0.0298,0.641,0,64,8192,16384,0
2026-01-01T00:17:15.088Z,host-08,web-proxy,43530,8443,6,2674,5,0.484,SYN ACK,1,4,0.0792,0.827,0,64,64240,16384,0
2026-01-01T00:17:16.177Z,host-06,auth-service,56915,88,6,180,3,0.913,SYN ACK RST,1,2,1.0687,0.723,1,48,5840,0,0
2026-01-01T00:17:19.758Z,host-05,auth-service,48998,443,6,3033,11,1.125,SYN ACK,1,10,0.1289,0.69,0,64,65535,16384,0
2026-01-01T00:17:20.630Z,host-01,file-server,57801,8443,6,3923,9,1.093,SYN ACK,1,8,0.0767,0.609,0,64,8192,16384,1
2026-01-01T00:17:22.853Z,host-02,auth-service,51309,80,6,3231,11,1.142,SYN ACK,1,10,0.0073,0.583,0,64,65535,16384,0
2026-01-01T00:17:44.570Z,host-06,auth-service,48256,8443,6,2707,24,1.104,SYN ACK,1,23,0.071,0.763,0,64,29200,16384,0
2026-01-01T00:17:48.309Z,host-06,host-01,49353,80,6,83,2,0.754,SYN RST,1,1,2.774,0.523,0,48,2920,16384,1
2026-01-01T00:17:48.915Z,host-03,auth-service,51600,443,6,3235,23,0.875,SYN ACK,1,22,0.0591,0.765,0,64,8192,16384,0
2026-01-01T00:17:52.257Z,host-05,web-proxy,50199,80,6,2237,4,1.142,SYN ACK,1,3,0.1238,0.562,0,64,65535,16384,0
2026-01-01T00:18:00.450Z,host-06,host-08,45465,445,6,100,2,1.028,SYN RST,1,1,1.5213,0.63,0,61,5840,0,0
2026-01-01T00:18:03.489Z,host-06,host-08,47637,5432,6,46,2,1.184,SYN RST,1,1,2.6393,0.787,0,64,2920,0,0
2026-01-01T00:18:08.819Z,host-06,web-proxy,47070,3389,6,109,2,0.779,SYN RST,1,1,2.7527,0.748,0,48,2920,0,0
2026-01-01T00:18:12.805Z,host-03,web-proxy,56328,53,6,2215,20,1.067,SYN ACK,1,19,0.1115,0.803,0,64,64240,16384,0
2026-01-01T00:18:14.497Z,host-04,web-proxy,40139,443,6,5626,6,1.125,SYN ACK,1,5,0.1062,0.682,0,64,65535,16384,0
2026-01-01T00:18:18.125Z,host-05,web-proxy,45707,80,6,5248,18,1.429,SYN ACK,1,17,0.0793,0.738,0,64,29200,16384,0
2026-01-01T00:18:21.245Z,host-01,web-proxy,51537,53,6,4874,7,0.688,SYN ACK,1,6,0.1176,0.859,0,64,65535,16384,0
2026-01-01T00:18:22.258Z,host-08,file-server,48964,443,6,5057,20,0.964,SYN ACK,1,19,0.0953,0.728,0,64,29200,16384,0
2026-01-01T00:18:23.378Z,host-08,web-proxy,42329,443,6,3976,24,0.544,SYN ACK,1,23,0.1146,0.825,0,64,8192,16384,0
2026-01-01T00:18:32.597Z,host-01,file-server,41402,80,6,1890,25,1.401,SYN ACK,1,24,0.1057,0.603,0,64,65535,16384,0
2026-01-01T00:18:34.618Z,host-06,host-03,42849,22,6,70,2,0.877,SYN RST,1,1,2.2428,0.729,0,64,2920,16384,0
2026-01-01T00:18:46.376Z,host-08,web-proxy,41787,8443,6,4876,11,0.74,SYN ACK,1,10,0.0643,0.823,0,64,65535,16384,1
2026-01-01T00:18:51.001Z,host-03,file-server,59140,443,6,1188,26,1.055,SYN ACK,1,25,0.0756,0.89,0,64,64240,16384,0
2026-01-01T00:19:12.748Z,host-06,file-server,54079,80,6,3471,30,0.427,SYN ACK,1,29,0.1623,0.528,0,64,29200,16384,0
2026-01-01T00:19:14.408Z,host-08,web-proxy,53686,8443,6,4951,27,1.697,SYN ACK,1,26,0.0594,0.73,0,64,64240,16384,0
2026-01-01T00:19:18.866Z,host-08,file-server,46564,8443,6,1758,11,1.306,SYN ACK,1,10,0.0987,0.448,0,64,65535,16384,1
2026-01-01T00:19:21.866Z,host-06,file-server,53591,23,6,72,2,1.173,SYN RST,1,1,4.0726,0.76,0,61,5840,16384,0
2026-01-01T00:19:23.858Z,host-07,web-proxy,54069,443,6,4522,14,1.608,SYN ACK,1,13,0.0531,0.74,0,64,65535,16384,0
2026-01-01T00:19:24.893Z,host-01,file-server,52326,443,6,797,4,0.822,SYN ACK,1,3,0.0891,0.651,0,64,29200,16384,0
2026-01-01T00:19:27.731Z,host-07,web-proxy,41674,8443,6,2246,30,0.918,SYN ACK,1,29,0.066,0.481,0,64,64240,16384,0
2026-01-01T00:19:37.570Z,host-06,auth-service,42785,88,6,180,3,1.11,SYN ACK RST,1,2,2.6728,0.691,1,48,1024,0,0
2026-01-01T00:19:38.639Z,host-06,host-02,52334,5900,6,60,2,0.897,SYN RST,1,1,1.7276,0.779,0,64,2920,0,0
2026-01-01T00:19:40.460Z,host-06,host-08,43668,8080,6,115,2,1.018,SYN RST,1,1,1.5714,0.765,0,64,2920,0,0
2026-01-01T00:19:42.331Z,host-05,file-server,56970,80,6,5194,12,0.889,SYN ACK,1,11,0.1226,0.509,0,64,65535,16384,1
2026-01-01T00:19:43.771Z,host-06,web-proxy,43854,135,6,91,2,0.503,SYN RST,1,1,2.4734,0.625,0,56,5840,0,0
2026-01-01T00:19:53.180Z,host-06,host-07,57989,139,6,93,2,1.247,SYN RST,1,1,3.1953,0.555,0,48,5840,0,0
2026-01-01T00:19:53.573Z,host-06,auth-service,42990,88,6,180,3,0.855,SYN ACK RST,1,2,0.2699,0.601,1,61,5840,0,0
2026-01-01T00:19:56.094Z,host-04,auth-service,40042,53,6,1675,14,1.384,SYN ACK,1,13,0.1101,0.703,0,64,8192,16384,0
2026-01-01T00:19:58.785Z,host-02,web-proxy,56803,53,6,2729,24,0.662,SYN ACK,1,23,0.0731,0.776,0,64,65535,16384,0
2026-01-01T00:20:00.000Z,host-06,host-08,41175,22,6,140,2,1.278,SYN RST,1,1,0.126,0.675,0,64,65535,16384,0
2026-01-01T00:20:00.506Z,host-03,file-server,54026,53,6,2847,18,0.805,SYN ACK,1,17,0.0928,0.553,0,64,65535,16384,0
2026-01-01T00:20:03.000Z,host-06,host-07,49246,22,6,143,2,1.457,SYN RST,1,1,0.0903,0.696,0,64,8192,16384,0
2026-01-01T00:20:05.003Z,host-04,auth-service,41014,80,6,1057,26,1.121,SYN ACK,1,25,0.1228,0.716,0,64,8192,16384,1
2026-01-01T00:20:06.000Z,host-06,host-02,55000,22,6,181,2,0.861,SYN RST,1,1,0.0943,0.811,0,64,8192,16384,1
2026-01-01T00:20:09.000Z,host-06,host-06,49098,135,6,174,2,0.938,SYN RST,1,1,0.0962,0.709,0,64,64240,16384,0
2026-01-01T00:20:12.000Z,host-06,web-proxy,49729,135,6,151,2,0.936,SYN RST,1,1,0.0964,0.721,0,64,65535,16384,0
2026-01-01T00:20:15.000Z,host-06,host-03,43447,3389,6,62,2,1.12,SYN RST,1,1,0.0443,0.704,0,64,29200,16384,0
2026-01-01T00:20:18.000Z,host-06,host-02,50646,3389,6,82,2,0.175,SYN RST,1,1,0.0976,0.603,0,64,29200,16384,0
2026-01-01T00:20:21.000Z,host-06,file-server,50674,445,6,199,2,1.187,SYN RST,1,1,0.1236,0.658,0,64,64240,16384,0
2026-01-01T00:20:21.024Z,host-07,file-server,40695,80,6,3421,26,0.536,SYN ACK,1,25,0.1169,0.677,0,64,64240,16384,0
2026-01-01T00:20:23.741Z,host-03,file-server,58030,53,6,4126,25,1.04,SYN ACK,1,24,0.1405,0.891,0,64,65535,16384,0
2026-01-01T00:20:24.000Z,host-06,host-08,53983,22,6,106,2,1.168,SYN RST,1,1,0.0488,0.552,0,64,8192,16384,0
2026-01-01T00:20:30.000Z,host-06,auth-service,59257,88,6,180,3,1.118,SYN ACK RST,1,2,0.1066,0.648,1,64,8192,16384,0
2026-01-01T00:20:30.157Z,host-04,auth-service,50340,8443,6,4826,14,1.065,SYN ACK,1,13,0.116,0.635,0,64,65535,16384,0
2026-01-01T00:20:34.000Z,host-06,auth-service,59107,88,6,180,3,0.821,SYN ACK RST,1,2,0.0976,0.838,1,64,65535,16384,1
2026-01-01T00:20:38.000Z,host-06,auth-service,58952,88,6,180,3,0.571,SYN ACK RST,1,2,0.1117,0.687,1,64,64240,16384,0
2026-01-01T00:20:51.973Z,host-05,file-server,43349,8443,6,1753,26,1.355,SYN ACK,1,25,0.074,0.741,0,64,8192,16384,0
2026-01-01T00:21:00.000Z,host-06,web-proxy,58501,22,6,190,2,1.36,SYN RST,1,1,0.1218,0.819,0,64,8192,16384,0
2026-01-01T00:21:03.000Z,host-06,host-04,53176,139,6,166,2,0.812,SYN RST,1,1,0.0967,0.693,0,64,64240,16384,0
2026-01-01T00:21:06.000Z,host-06,host-04,45378,445,6,187,2,1.054,SYN RST,1,1,0.0834,0.682,0,64,64240,16384,0
2026-01-01T00:21:07.212Z,host-07,web-proxy,50279,8443,6,4085,27,1.382,SYN ACK,1,26,0.1053,0.747,0,64,8192,16384,0
2026-01-01T00:21:09.000Z,host-06,host-07,50237,3389,6,71,2,0.916,SYN RST,1,1,0.0844,0.699,0,64,64240,16384,1
2026-01-01T00:21:12.000Z,host-06,host-08,42907,135,6,194,2,1.12,SYN RST,1,1,0.0958,0.674,0,64,29200,16384,0
2026-01-01T00:21:12.424Z,host-07,file-server,45417,53,6,5812,8,0.784,SYN ACK,1,7,0.0552,0.774,0,64,29200,16384,0
2026-01-01T00:21:13.146Z,host-08,web-proxy,54047,80,6,2781,7,1.039,SYN ACK,1,6,0.0824,0.689,0,64,8192,16384,0
2026-01-01T00:21:15.000Z,host-06,auth-service,41365,135,6,189,2,0.978,SYN RST,1,1,0.0616,0.622,0,64,65535,16384,0
2026-01-01T00:21:18.000Z,host-06,host-04,57258,3389,6,68,2,1.102,SYN RST,1,1,0.1221,0.66,0,64,65535,16384,0
2026-01-01T00:21:21.000Z,host-06,host-06,42096,3389,6,180,2,0.886,SYN RST,1,1,0.0895,0.788,0,64,65535,16384,0
2026-01-01T00:21:21.999Z,host-02,web-proxy,51934,443,6,3113,7,1.467,SYN ACK,1,6,0.1307,0.796,0,64,29200,16384,0
2026-01-01T00:21:24.000Z,host-06,host-03,56953,139,6,130,2,0.944,SYN RST,1,1,0.0932,0.819,0,64,65535,16384,0
2026-01-01T00:21:28.911Z,host-07,file-server,53991,8443,6,5060,6,0.737,SYN ACK,1,5,0.1283,0.596,0,64,29200,16384,0
2026-01-01T00:21:30.000Z,host-06,auth-service,59208,88,6,180,3,0.938,SYN ACK RST,1,2,0.0825,0.632,1,64,29200,16384,0
2026-01-01T00:21:34.000Z,host-06,auth-service,55526,88,6,180,3,1.241,SYN ACK RST,1,2,0.0955,0.816,1,64,65535,16384,0
2026-01-01T00:21:36.998Z,host-01,web-proxy,48033,8443,6,4368,23,1.485,SYN ACK,1,22,0.0972,0.56,0,64,8192,16384,1
2026-01-01T00:21:37.213Z,host-05,file-server,45579,80,6,5022,26,0.993,SYN ACK,1,25,0.136,0.797,0,64,8192,16384,0
2026-01-01T00:21:43.703Z,host-01,web-proxy,46740,53,6,454,20,0.954,SYN ACK,1,19,0.0754,0.757,0,64,65535,16384,0
2026-01-01T00:21:44.607Z,host-04,file-server,56811,8443,6,1130,16,0.49,SYN ACK,1,15,0.0571,0.717,0,64,65535,16384,0
2026-01-01T00:21:47.850Z,host-08,web-proxy,44866,8443,6,737,6,1.11,SYN ACK,1,5,0.1184,0.72,0,64,8192,16384,0
2026-01-01T00:21:56.806Z,host-03,file-server,53196,8443,6,622,16,1.265,SYN ACK,1,15,0.1485,0.833,0,64,65535,16384,0
2026-01-01T00:22:00.000Z,host-06,host-08,52505,139,6,170,2,0.627,SYN RST,1,1,0.0923,0.766,0,64,29200,16384,0
2026-01-01T00:22:03.000Z,host-06,server-03,40003,22,6,147,2,0.857,SYN RST,1,1,0.114,0.626,0,64,65535,16384,0
2026-01-01T00:22:06.000Z,host-06,host-03,54879,135,6,117,2,0.728,SYN RST,1,1,0.1172,0.714,0,64,65535,16384,1
2026-01-01T00:22:07.712Z,host-03,file-server,44980,443,6,1418,20,1.263,SYN ACK,1,19,0.0166,0.667,0,64,8192,16384,0
2026-01-01T00:22:09.000Z,host-06,host-01,46361,22,6,114,2,0.995,SYN RST,1,1,0.0763,0.552,0,64,8192,16384,0
2026-01-01T00:22:12.000Z,host-06,auth-service,54206,445,6,75,2,0.857,SYN RST,1,1,0.0837,0.773,0,64,65535,16384,0
2026-01-01T00:22:15.000Z,host-06,host-03,58316,3389,6,80,2,0.377,SYN RST,1,1,0.074,0.724,0,64,64240,16384,0
2026-01-01T00:22:18.000Z,host-06,web-proxy,57852,445,6,191,2,1.123,SYN RST,1,1,0.0719,0.757,0,64,8192,16384,0
2026-01-01T00:22:21.000Z,host-06,host-02,48945,3389,6,110,2,0.347,SYN RST,1,1,0.0967,0.649,0,64,64240,16384,0
2026-01-01T00:22:24.000Z,host-06,host-02,43011,135,6,111,2,0.759,SYN RST,1,1,0.0728,0.5,0,64,65535,16384,0
2026-01-01T00:22:30.000Z,host-06,auth-service,52471,88,6,180,3,0.962,SYN ACK RST,1,2,0.0766,0.874,1,64,64240,16384,0
2026-01-01T00:22:30.184Z,host-07,auth-service,53823,53,6,3907,4,1.812,SYN ACK,1,3,0.1067,0.853,0,64,29200,16384,1
2026-01-01T00:22:34.000Z,host-06,auth-service,48894,88,6,180,3,0.813,SYN ACK RST,1,2,0.0548,0.525,1,64,29200,16384,1
2026-01-01T00:22:37.324Z,host-01,auth-service,42579,80,6,3009,23,0.876,SYN ACK,1,22,0.1462,0.757,0,64,65535,16384,0
2026-01-01T00:22:38.000Z,host-06,auth-service,47276,88,6,180,3,1.246,SYN ACK RST,1,2,0.1345,0.591,1,64,64240,16384,0
2026-01-01T00:22:44.323Z,host-02,file-server,40264,80,6,4459,6,1.01,SYN ACK,1,5,0.0784,0.73,0,64,64240,16384,0
2026-01-01T00:22:49.836Z,host-03,web-proxy,56443,53,6,5732,30,0.85,SYN ACK,1,29,0.1104,0.935,0,64,8192,16384,0
2026-01-01T00:22:52.948Z,host-08,file-server,48855,53,6,3495,23,0.631,SYN ACK,1,22,0.0483,0.896,0,64,29200,16384,0
2026-01-01T00:23:00.000Z,host-06,file-server,52903,445,6,134,2,0.781,SYN RST,1,1,0.0821,0.59,0,64,8192,16384,1
2026-01-01T00:23:03.000Z,host-06,host-08,48830,22,6,85,2,0.674,SYN RST,1,1,0.0576,0.76,0,64,29200,16384,0
2026-01-01T00:23:06.000Z,host-06,server-03,41532,3389,6,162,2,0.842,SYN RST,1,1,0.0999,0.604,0,64,64240,16384,0
2026-01-01T00:23:07.725Z,host-03,auth-service,41184,443,6,729,4,1.078,SYN ACK,1,3,0.1239,0.584,0,64,29200,16384,0
2026-01-01T00:23:08.752Z,host-02,file-server,46578,8443,6,2975,21,1.011,SYN ACK,1,20,0.1008,0.53,0,64,65535,16384,0
2026-01-01T00:23:09.000Z,host-06,host-05,51226,135,6,99,2,0.782,SYN RST,1,1,0.0831,0.561,0,64,8192,16384,0
2026-01-01T00:23:12.000Z,host-06,host-08,59154,8080,6,65,2,1.48,SYN RST,1,1,0.1237,0.647,0,64,65535,16384,0
2026-01-01T00:23:15.000Z,host-06,host-06,44176,8080,6,149,2,1.506,SYN RST,1,1,0.1205,0.839,0,64,65535,16384,0
2026-01-01T00:23:18.000Z,host-06,host-06,41048,139,6,178,2,1.196,SYN RST,1,1,0.0744,0.71,0,64,64240,16384,0
2026-01-01T00:23:19.809Z,host-02,auth-service,54214,53,6,4774,9,1.356,SYN ACK,1,8,0.0577,0.585,0,64,29200,16384,0
2026-01-01T00:23:21.000Z,host-06,host-05,56347,135,6,126,2,0.853,SYN RST,1,1,0.0989,0.801,0,64,64240,16384,0
2026-01-01T00:23:24.000Z,host-06,host-02,43222,3389,6,64,2,1.117,SYN RST,1,1,0.0565,0.715,0,64,29200,16384,1
2026-01-01T00:23:27.000Z,host-06,host-02,43067,135,6,118,2,1.07,SYN RST,1,1,0.1004,0.659,0,64,65535,16384,0
2026-01-01T00:23:30.000Z,host-06,host-07,48097,8080,6,117,2,0.926,SYN RST,1,1,0.1047,0.659,0,64,8192,16384,0
2026-01-01T00:23:30.000Z,host-06,auth-service,59336,88,6,180,3,1.484,SYN ACK RST,1,2,0.1488,0.729,1,64,65535,16384,0
2026-01-01T00:23:33.000Z,host-06,host-01,40507,139,6,131,2,0.508,SYN RST,1,1,0.1341,0.831,0,64,65535,16384,0
2026-01-01T00:23:34.000Z,host-06,auth-service,49135,88,6,180,3,1.497,SYN ACK RST,1,2,0.0969,0.732,1,64,65535,16384,0
2026-01-01T00:23:34.777Z,host-03,web-proxy,48961,53,6,4455,5,0.975,SYN ACK,1,4,0.1478,0.888,0,64,65535,16384,0
2026-01-01T00:23:36.000Z,host-06,host-07,55118,22,6,133,2,0.811,SYN RST,1,1,0.0877,0.679,0,64,29200,16384,0
2026-01-01T00:23:44.674Z,host-01,web-proxy,47225,8443,6,5148,7,0.789,SYN ACK,1,6,0.0464,0.761,0,64,8192,16384,0
2026-01-01T00:23:46.639Z,host-02,web-proxy,55102,8443,6,4566,22,0.823,SYN ACK,1,21,0.1336,0.697,0,64,8192,16384,0
2026-01-01T00:24:00.000Z,host-06,host-02,49177,8080,6,93,2,0.624,SYN RST,1,1,0.062,0.838,0,64,29200,16384,0
2026-01-01T00:24:03.000Z,host-06,host-03,58427,22,6,111,2,1.116,SYN RST,1,1,0.1037,0.517,0,64,8192,16384,0
2026-01-01T00:24:05.857Z,host-05,auth-service,55885,443,6,5493,9,1.035,SYN ACK,1,8,0.1224,0.72,0,64,65535,16384,1
2026-01-01T00:24:06.000Z,host-06,host-06,40041,3389,6,78,2,0.926,SYN RST,1,1,0.0517,0.71,0,64,64240,16384,0
2026-01-01T00:24:09.000Z,host-06,host-06,59543,22,6,95,2,0.732,SYN RST,1,1,0.1209,0.803,0,64,8192,16384,0
2026-01-01T00:24:12.000Z,host-06,file-server,48118,8080,6,87,2,0.757,SYN RST,1,1,0.0723,0.641,0,64,65535,16384,0
2026-01-01T00:24:12.061Z,host-01,auth-service,40423,80,6,716,7,0.956,SYN ACK,1,6,0.1067,0.635,0,64,29200,16384,0
2026-01-01T00:24:12.131Z,host-02,file-server,48737,443,6,2378,20,1.12,SYN ACK,1,19,0.0593,0.596,0,64,64240,16384,0
2026-01-01T00:24:14.830Z,host-05,auth-service,43218,53,6,4211,5,1.318,SYN ACK,1,4,0.1321,0.614,0,64,8192,16384,0
2026-01-01T00:24:15.000Z,host-06,auth-service,45829,22,6,160,2,0.343,SYN RST,1,1,0.1167,0.673,0,64,64240,16384,0
2026-01-01T00:24:18.000Z,host-06,server-03,57465,3389,6,148,2,0.583,SYN RST,1,1,0.1424,0.703,0,64,29200,16384,0
2026-01-01T00:24:19.359Z,host-03,auth-service,48310,53,6,2263,12,0.588,SYN ACK,1,11,0.1178,0.77,0,64,8192,16384,1
2026-01-01T00:24:21.000Z,host-06,auth-service,58317,139,6,183,2,1.555,SYN RST,1,1,0.0415,0.693,0,64,29200,16384,1
2026-01-01T00:24:24.000Z,host-06,host-05,42765,22,6,173,2,0.807,SYN RST,1,1,0.0852,0.706,0,64,64240,16384,0
2026-01-01T00:24:27.000Z,host-06,host-06,52660,139,6,67,2,0.662,SYN RST,1,1,0.0586,0.739,0,64,64240,16384,0
2026-01-01T00:24:30.000Z,host-06,server-03,51483,135,6,65,2,1.566,SYN RST,1,1,0.1042,0.803,0,64,8192,16384,0
2026-01-01T00:24:30.000Z,host-06,auth-service,52358,88,6,180,3,0.611,SYN ACK RST,1,2,0.0971,0.686,1,64,64240,16384,1
2026-01-01T00:24:33.000Z,host-06,auth-service,51110,22,6,67,2,1.455,SYN RST,1,1,0.098,0.798,0,64,64240,16384,0
2026-01-01T00:24:34.000Z,host-06,auth-service,51542,88,6,180,3,0.997,SYN ACK RST,1,2,0.0936,0.782,1,64,29200,16384,0
2026-01-01T00:24:35.839Z,host-01,web-proxy,49673,8443,6,2608,26,0.967,SYN ACK,1,25,0.0805,0.816,0,64,64240,16384,0
2026-01-01T00:24:36.000Z,host-06,file-server,51937,8080,6,107,2,1.541,SYN RST,1,1,0.1121,0.716,0,64,65535,16384,0
2026-01-01T00:24:39.000Z,host-06,host-07,47976,139,6,82,2,0.777,SYN RST,1,1,0.0951,0.672,0,64,8192,16384,0
2026-01-01T00:24:39.794Z,host-04,auth-service,56158,443,6,2406,30,0.953,SYN ACK,1,29,0.0841,0.655,0,64,29200,16384,0
2026-01-01T00:24:42.000Z,host-06,server-03,50036,3389,6,103,2,1.174,SYN RST,1,1,0.0832,0.743,0,64,64240,16384,0
2026-01-01T00:24:50.708Z,host-02,auth-service,52178,80,6,1990,7,0.626,SYN ACK,1,6,0.108,0.83,0,64,65535,16384,0
2026-01-01T00:24:53.779Z,host-02,file-server,50994,80,6,1858,23,0.252,SYN ACK,1,22,0.1047,0.624,0,64,64240,16384,0
2026-01-01T00:24:58.638Z,host-07,web-proxy,43629,8443,6,2191,28,0.92,SYN ACK,1,27,0.1409,0.784,0,64,8192,16384,0
2026-01-01T00:25:00.000Z,host-06,host-03,58781,22,6,187,2,0.654,SYN RST,1,1,0.086,0.87,0,64,65535,16384,1
2026-01-01T00:25:03.000Z,host-06,host-01,54147,22,6,63,2,0.818,SYN RST,1,1,0.0868,0.64,0,64,64240,16384,0
2026-01-01T00:25:06.000Z,host-06,host-03,51329,445,6,180,2,0.875,SYN RST,1,1,0.0498,0.64,0,64,8192,16384,0
2026-01-01T00:25:09.000Z,host-06,host-04,43606,22,6,196,2,1.566,SYN RST,1,1,0.0574,0.885,0,64,8192,16384,0
2026-01-01T00:25:12.000Z,host-06,host-02,54881,8080,6,169,2,0.695,SYN RST,1,1,0.0958,0.707,0,64,29200,16384,0
2026-01-01T00:25:15.000Z,host-06,host-07,54589,139,6,110,2,1.193,SYN RST,1,1,0.156,0.787,0,64,29200,16384,0
2026-01-01T00:25:15.564Z,host-05,auth-service,55724,80,6,5322,10,1.472,SYN ACK,1,9,0.0547,0.753,0,64,29200,16384,0
2026-01-01T00:25:18.000Z,host-06,host-08,54718,3389,6,152,2,0.926,SYN RST,1,1,0.1071,0.886,0,64,8192,16384,0
2026-01-01T00:25:21.000Z,host-06,host-01,54128,445,6,200,2,1.095,SYN RST,1,1,0.1204,0.75,0,64,29200,16384,0
2026-01-01T00:25:24.000Z,host-06,host-05,43706,22,6,77,2,0.979,SYN RST,1,1,0.1258,0.864,0,64,29200,16384,1
2026-01-01T00:25:25.622Z,host-06,web-proxy,49605,8443,6,5258,16,0.618,SYN ACK,1,15,0.1204,0.834,0,64,64240,16384,0
2026-01-01T00:25:27.000Z,host-06,host-05,57389,135,6,78,2,0.718,SYN RST,1,1,0.1159,0.574,0,64,64240,16384,0
2026-01-01T00:25:30.000Z,host-06,web-proxy,53327,22,6,118,2,0.929,SYN RST,1,1,0.0757,0.696,0,64,8192,16384,0
2026-01-01T00:25:30.000Z,host-06,auth-service,59257,88,6,180,3,0.681,SYN ACK RST,1,2,0.148,0.65,1,64,65535,16384,0
2026-01-01T00:25:31.837Z,host-07,file-server,54903,443,6,1929,20,0.758,SYN ACK,1,19,0.0984,0.772,0,64,64240,16384,0
2026-01-01T00:25:33.000Z,host-06,host-05,51783,22,6,117,2,0.701,SYN RST,1,1,0.1186,0.708,0,64,8192,16384,0
2026-01-01T00:25:34.000Z,host-06,auth-service,52676,88,6,180,3,0.862,SYN ACK RST,1,2,0.0742,0.589,1,64,8192,16384,0
2026-01-01T00:25:36.000Z,host-06,host-07,47684,8080,6,77,2,1.003,SYN RST,1,1,0.1179,0.621,0,64,8192,16384,0
2026-01-01T00:25:36.026Z,host-08,web-proxy,53513,53,6,3714,17,1.428,SYN ACK,1,16,0.1178,0.847,0,64,65535,16384,0
2026-01-01T00:25:38.000Z,host-06,auth-service,54260,88,6,180,3,1.08,SYN ACK RST,1,2,0.0876,0.822,1,64,64240,16384,0
2026-01-01T00:25:42.000Z,host-06,auth-service,42102,88,6,180,3,0.788,SYN ACK RST,1,2,0.1175,0.739,1,64,65535,16384,1
2026-01-01T00:25:46.000Z,host-06,auth-service,47707,88,6,180,3,0.932,SYN ACK RST,1,2,0.0646,0.747,1,64,64240,16384,0
2026-01-01T00:25:47.169Z,host-02,auth-service,43379,80,6,3471,11,0.545,SYN ACK,1,10,0.1266,0.769,0,64,8192,16384,0
2026-01-01T00:25:58.650Z,host-08,web-proxy,49479,80,6,3084,23,1.528,SYN ACK,1,22,0.0872,0.633,0,64,29200,16384,0
2026-01-01T00:26:00.000Z,host-06,file-server,53930,445,6,114,2,1.236,SYN RST,1,1,0.0714,0.543,0,64,65535,16384,1
2026-01-01T00:26:03.000Z,host-06,web-proxy,41798,139,6,97,2,1.221,SYN RST,1,1,0.081,0.511,0,64,65535,16384,0
2026-01-01T00:26:06.000Z,host-06,host-08,41565,8080,6,66,2,0.813,SYN RST,1,1,0.0659,0.696,0,64,29200,16384,0
2026-01-01T00:26:09.000Z,host-06,host-05,53632,139,6,146,2,0.677,SYN RST,1,1,0.1798,0.606,0,64,29200,16384,0
2026-01-01T00:26:12.000Z,host-06,host-02,49137,3389,6,65,2,1.241,SYN RST,1,1,0.085,0.75,0,64,64240,16384,0
2026-01-01T00:26:12.314Z,host-06,file-server,55229,80,6,5343,23,1.063,SYN ACK,1,22,0.1395,0.697,0,64,8192,16384,0
2026-01-01T00:26:15.000Z,host-06,host-03,47112,445,6,96,2,1.094,SYN RST,1,1,0.1067,0.747,0,64,8192,16384,0
2026-01-01T00:26:18.000Z,host-06,host-04,56775,3389,6,102,2,1.575,SYN RST,1,1,0.0399,0.594,0,64,65535,16384,0
2026-01-01T00:26:21.000Z,host-06,web-proxy,51854,445,6,105,2,0.732,SYN RST,1,1,0.1095,0.627,0,64,64240,16384,0
2026-01-01T00:26:24.000Z,host-06,host-03,49735,139,6,153,2,0.582,SYN RST,1,1,0.1141,0.68,0,64,65535,16384,1
2026-01-01T00:26:27.000Z,host-06,host-06,50923,22,6,69,2,0.815,SYN RST,1,1,0.1338,0.736,0,64,64240,16384,0
2026-01-01T00:26:29.196Z,host-03,file-server,52177,443,6,4983,4,0.958,SYN ACK,1,3,0.1449,0.914,0,64,29200,16384,0
2026-01-01T00:26:30.000Z,host-06,host-04,41738,445,6,158,2,1.023,SYN RST,1,1,0.1714,0.923,0,64,8192,16384,0
2026-01-01T00:26:30.000Z,host-06,auth-service,56353,88,6,180,3,1.451,SYN ACK RST,1,2,0.0835,0.714,1,64,29200,16384,0
2026-01-01T00:26:33.986Z,host-05,auth-service,58642,80,6,1011,25,1.24,SYN ACK,1,24,0.0977,0.939,0,64,8192,16384,0
2026-01-01T00:26:34.000Z,host-06,auth-service,45477,88,6,180,3,0.543,SYN ACK RST,1,2,0.0528,0.649,1,64,65535,16384,0
2026-01-01T00:26:38.000Z,host-06,auth-service,55912,88,6,180,3,0.518,SYN ACK RST,1,2,0.0728,0.593,1,64,8192,16384,0
2026-01-01T00:26:42.000Z,host-06,auth-service,52418,88,6,180,3,0.653,SYN ACK RST,1,2,0.0473,0.709,1,64,64240,16384,0
2026-01-01T00:26:42.972Z,host-08,web-proxy,59960,80,6,4783,22,0.919,SYN ACK,1,21,0.0807,0.751,0,64,65535,16384,0
2026-01-01T00:26:43.433Z,host-06,file-server,42525,53,6,4412,26,0.737,SYN ACK,1,25,0.085,0.913,0,64,8192,16384,0
2026-01-01T00:26:46.000Z,host-06,auth-service,55021,88,6,180,3,0.665,SYN ACK RST,1,2,0.0493,0.543,1,64,29200,16384,0
2026-01-01T00:26:49.609Z,host-07,web-proxy,55305,443,6,4315,11,0.605,SYN ACK,1,10,0.0309,0.826,0,64,65535,16384,0
2026-01-01T00:27:00.000Z,host-06,web-proxy,50532,139,6,119,2,0.965,SYN RST,1,1,0.0649,0.92,0,64,29200,16384,1
2026-01-01T00:27:01.003Z,host-06,file-server,48868,8443,6,1677,24,0.752,SYN ACK,1,23,0.1212,0.635,0,64,8192,16384,0
2026-01-01T00:27:03.000Z,host-06,file-server,50563,135,6,168,2,0.425,SYN RST,1,1,0.0278,0.645,0,64,65535,16384,0
2026-01-01T00:27:04.041Z,host-02,file-server,55311,443,6,4280,4,1.283,SYN ACK,1,3,0.0858,0.595,0,64,29200,16384,0
2026-01-01T00:27:06.000Z,host-06,host-07,52648,3389,6,91,2,0.891,SYN RST,1,1,0.0906,0.703,0,64,64240,16384,0
2026-01-01T00:27:09.000Z,host-06,server-03,47216,445,6,119,2,1.447,SYN RST,1,1,0.1245,0.597,0,64,65535,16384,0
2026-01-01T00:27:11.345Z,host-02,web-proxy,46741,8443,6,424,24,0.924,SYN ACK,1,23,0.1013,0.665,0,64,64240,16384,0
2026-01-01T00:27:12.000Z,host-06,host-01,57525,22,6,179,2,1.195,SYN RST,1,1,0.0666,0.597,0,64,64240,16384,0
2026-01-01T00:27:15.000Z,host-06,host-01,44194,445,6,177,2,1.027,SYN RST,1,1,0.0821,0.656,0,64,29200,16384,0
2026-01-01T00:27:15.933Z,host-08,file-server,43996,80,6,4690,19,1.008,SYN ACK,1,18,0.0987,0.575,0,64,64240,16384,0
2026-01-01T00:27:18.000Z,host-06,host-07,52296,135,6,105,2,0.836,SYN RST,1,1,0.0837,0.963,0,64,29200,16384,0
2026-01-01T00:27:21.000Z,host-06,server-03,49080,135,6,169,2,1.411,SYN RST,1,1,0.1088,0.556,0,64,64240,16384,0
2026-01-01T00:27:24.000Z,host-06,host-01,51844,3389,6,180,2,0.792,SYN RST,1,1,0.0664,0.797,0,64,29200,16384,1
2026-01-01T00:27:27.000Z,host-06,host-05,54028,139,6,195,2,0.854,SYN RST,1,1,0.0929,0.706,0,64,29200,16384,0
2026-01-01T00:27:30.000Z,host-06,web-proxy,57091,3389,6,154,2,1.104,SYN RST,1,1,0.0671,0.894,0,64,65535,16384,0
2026-01-01T00:27:30.000Z,host-06,auth-service,59945,88,6,180,3,0.915,SYN ACK RST,1,2,0.0986,0.436,1,64,8192,16384,0
2026-01-01T00:27:33.000Z,host-06,host-06,59458,139,6,149,2,0.746,SYN RST,1,1,0.1115,0.676,0,64,64240,16384,0
2026-01-01T00:27:34.000Z,host-06,auth-service,41626,88,6,180,3,0.621,SYN ACK RST,1,2,0.109,0.615,1,64,8192,16384,0
2026-01-01T00:27:36.000Z,host-06,host-04,57967,135,6,63,2,1.02,SYN RST,1,1,0.1249,0.816,0,64,29200,16384,0
2026-01-01T00:27:37.899Z,host-03,file-server,59814,8443,6,1809,24,1.511,SYN ACK,1,23,0.0605,0.45,0,64,64240,16384,0
2026-01-01T00:27:38.000Z,host-06,auth-service,45821,88,6,180,3,0.916,SYN ACK RST,1,2,0.0822,0.632,1,64,64240,16384,0
2026-01-01T00:27:42.000Z,host-06,auth-service,58917,88,6,180,3,0.964,SYN ACK RST,1,2,0.0434,0.795,1,64,29200,16384,1
2026-01-01T00:27:44.292Z,host-07,file-server,50104,8443,6,3966,14,0.933,SYN ACK,1,13,0.1111,0.647,0,64,65535,16384,0
2026-01-01T00:27:45.379Z,host-01,file-server,51908,443,6,5170,28,0.968,SYN ACK,1,27,0.1009,0.704,0,64,8192,16384,1
2026-01-01T00:27:46.000Z,host-06,auth-service,59605,88,6,180,3,0.851,SYN ACK RST,1,2,0.1139,0.447,1,64,65535,16384,0
2026-01-01T00:27:47.971Z,host-08,web-proxy,41989,80,6,1541,26,1.491,SYN ACK,1,25,0.0866,0.743,0,64,8192,16384,0
2026-01-01T00:27:50.000Z,host-06,auth-service,58520,88,6,180,3,1.184,SYN ACK RST,1,2,0.1001,0.686,1,64,65535,16384,0
2026-01-01T00:28:00.000Z,host-06,server-03,56406,5985,6,27638,99,0.558,SYN ACK PSH,1,98,0.0966,0.761,0,64,65535,16384,0
2026-01-01T00:28:00.223Z,host-02,file-server,55398,53,6,2322,25,0.873,SYN ACK,1,24,0.1029,0.688,0,64,65535,16384,1
2026-01-01T00:28:05.865Z,host-06,auth-service,43065,443,6,2854,5,1.394,SYN ACK,1,4,0.1105,0.742,0,64,8192,16384,0
2026-01-01T00:28:06.098Z,host-05,auth-service,53189,53,6,990,17,1.176,SYN ACK,1,16,0.1045,0.607,0,64,65535,16384,0
2026-01-01T00:28:07.000Z,host-06,host-04,50751,445,6,13843,84,1.363,SYN ACK PSH,1,83,0.1782,0.771,0,64,64240,16384,0
2026-01-01T00:28:10.520Z,host-01,web-proxy,45632,443,6,1877,17,1.025,SYN ACK,1,16,0.1176,0.852,0,64,8192,16384,0
2026-01-01T00:28:12.179Z,host-08,web-proxy,54797,8443,6,4539,13,0.964,SYN ACK,1,12,0.0708,0.515,0,64,65535,16384,0
2026-01-01T00:28:14.000Z,host-06,server-03,50137,445,6,20578,50,0.766,SYN ACK PSH,1,49,0.1459,0.709,0,64,65535,16384,0
2026-01-01T00:28:53.474Z,host-01,web-proxy,41025,8443,6,4187,12,0.71,SYN ACK,1,11,0.1113,0.77,0,64,29200,16384,0
2026-01-01T00:28:57.756Z,host-08,auth-service,59403,8443,6,400,26,0.964,SYN ACK,1,25,0.099,0.662,0,64,64240,16384,0
2026-01-01T00:29:00.000Z,host-06,server-03,46209,3389,6,14731,95,1.107,SYN ACK PSH,1,94,0.1299,0.608,0,64,29200,16384,0
2026-01-01T00:29:07.000Z,host-06,host-01,48070,445,6,25408,107,1.579,SYN ACK PSH,1,106,0.1056,0.728,0,64,29200,16384,0
2026-01-01T00:29:11.552Z,host-07,web-proxy,48593,443,6,2960,22,0.507,SYN ACK,1,21,0.1054,0.84,0,64,65535,16384,0
2026-01-01T00:29:14.000Z,host-06,server-03,59385,5985,6,39299,88,1.226,SYN ACK PSH,1,87,0.1142,0.89,0,64,8192,16384,0
2026-01-01T00:29:19.254Z,host-04,file-server,51923,53,6,5703,14,1.188,SYN ACK,1,13,0.0653,0.719,0,64,65535,16384,0
2026-01-01T00:29:19.871Z,host-03,web-proxy,48168,80,6,1962,23,1.147,SYN ACK,1,22,0.1239,0.618,0,64,65535,16384,0
2026-01-01T00:29:23.108Z,host-07,file-server,53628,53,6,4232,24,0.768,SYN ACK,1,23,0.0518,0.723,0,64,64240,16384,1
2026-01-01T00:29:27.870Z,host-07,auth-service,48000,80,6,1773,30,1.408,SYN ACK,1,29,0.0774,0.677,0,64,8192,16384,0
2026-01-01T00:29:35.820Z,host-04,web-proxy,57522,8443,6,3787,7,0.977,SYN ACK,1,6,0.0707,0.876,0,64,64240,16384,0
2026-01-01T00:29:42.889Z,host-04,file-server,47058,80,6,2688,21,0.681,SYN ACK,1,20,0.126,0.832,0,64,64240,16384,0
2026-01-01T00:30:00.000Z,host-06,server-03,40286,5985,6,24717,65,1.003,SYN ACK PSH,1,64,0.0846,0.93,0,64,8192,16384,0
2026-01-01T00:30:03.660Z,host-06,file-server,49470,53,6,3010,14,1.552,SYN ACK,1,13,0.1126,0.767,0,64,65535,16384,0
2026-01-01T00:30:07.000Z,host-06,host-08,56078,5985,6,12678,96,0.705,SYN ACK PSH,1,95,0.1054,0.717,0,64,65535,16384,0
2026-01-01T00:30:07.167Z,host-01,web-proxy,46218,53,6,942,13,1.207,SYN ACK,1,12,0.0702,0.939,0,64,64240,16384,0
2026-01-01T00:30:11.098Z,host-03,file-server,52752,80,6,1343,28,1.403,SYN ACK,1,27,0.0985,0.717,0,64,64240,16384,1
2026-01-01T00:30:14.000Z,host-06,server-03,57516,3389,6,43649,87,0.583,SYN ACK PSH,1,86,0.1059,0.616,0,64,65535,16384,0
2026-01-01T00:30:15.774Z,host-08,file-server,51225,8443,6,4281,7,1.432,SYN ACK,1,6,0.1169,0.806,0,64,65535,16384,0
2026-01-01T00:30:16.417Z,host-01,file-server,51830,8443,6,4449,13,1.606,SYN ACK,1,12,0.0759,0.744,0,64,29200,16384,0
2026-01-01T00:30:23.275Z,host-05,web-proxy,58183,53,6,1736,9,0.948,SYN ACK,1,8,0.1203,0.635,0,64,8192,16384,0
2026-01-01T00:30:34.816Z,host-04,web-proxy,40595,8443,6,5077,9,1.079,SYN ACK,1,8,0.1039,0.669,0,64,64240,16384,1
2026-01-01T00:30:37.578Z,host-01,web-proxy,54688,8443,6,419,22,1.13,SYN ACK,1,21,0.1143,0.806,0,64,29200,16384,0
2026-01-01T00:30:38.742Z,host-03,auth-service,46795,53,6,4846,26,0.517,SYN ACK,1,25,0.0872,0.708,0,64,64240,16384,0
2026-01-01T00:30:45.877Z,host-05,file-server,51199,53,6,4055,5,1.121,SYN ACK,1,4,0.1157,0.556,0,64,8192,16384,0
2026-01-01T00:30:50.667Z,host-05,auth-service,48801,8443,6,2242,12,0.891,SYN ACK,1,11,0.1028,0.766,0,64,8192,16384,0
2026-01-01T00:31:00.000Z,host-06,server-03,51421,3389,6,35325,107,0.99,SYN ACK PSH,1,106,0.0331,0.777,0,64,64240,16384,0
2026-01-01T00:31:02.463Z,host-05,web-proxy,56526,443,6,2811,19,0.8,SYN ACK,1,18,0.0785,0.626,0,64,64240,16384,0
2026-01-01T00:31:07.000Z,host-06,host-07,48859,3389,6,43355,113,0.742,SYN ACK PSH,1,112,0.0915,0.783,0,64,65535,16384,1
2026-01-01T00:31:07.023Z,host-02,file-server,47820,443,6,4844,13,0.746,SYN ACK,1,12,0.0904,0.69,0,64,29200,16384,0
2026-01-01T00:31:09.875Z,host-05,auth-service,55325,8443,6,2105,27,1.03,SYN ACK,1,26,0.1194,0.695,0,64,8192,16384,0
2026-01-01T00:31:15.788Z,host-04,auth-service,44280,443,6,5829,19,0.394,SYN ACK,1,18,0.0952,0.611,0,64,65535,16384,0
2026-01-01T00:31:19.775Z,host-01,file-server,56524,80,6,5913,4,1.122,SYN ACK,1,3,0.0927,0.837,0,64,65535,16384,0
2026-01-01T00:31:28.276Z,host-05,auth-service,45842,80,6,3765,27,0.982,SYN ACK,1,26,0.0672,0.572,0,64,65535,16384,0
2026-01-01T00:31:37.920Z,host-07,web-proxy,40839,8443,6,1008,25,0.715,SYN ACK,1,24,0.0984,0.557,0,64,65535,16384,0
2026-01-01T00:31:41.391Z,host-03,web-proxy,42709,443,6,5063,8,0.962,SYN ACK,1,7,0.0913,0.683,0,64,29200,16384,0
2026-01-01T00:31:41.488Z,host-04,file-server,43916,80,6,5719,20,0.746,SYN ACK,1,19,0.0641,0.763,0,64,65535,16384,0
2026-01-01T00:31:44.504Z,host-07,file-server,41402,80,6,3548,8,1.024,SYN ACK,1,7,0.1272,0.707,0,64,64240,16384,1
2026-01-01T00:32:00.000Z,host-06,server-03,49780,5985,6,38758,66,0.737,SYN ACK PSH,1,65,0.1078,0.726,0,64,29200,16384,0
2026-01-01T00:32:00.071Z,host-01,auth-service,40801,80,6,5207,23,0.7,SYN ACK,1,22,0.1448,0.718,0,64,29200,16384,0
2026-01-01T00:32:07.000Z,host-06,host-03,46203,5985,6,23246,46,1.07,SYN ACK PSH,1,45,0.1089,0.619,0,64,29200,16384,0
2026-01-01T00:32:14.000Z,host-06,server-03,48180,445,6,22634,77,0.631,SYN ACK PSH,1,76,0.0249,0.7,0,64,8192,16384,0
2026-01-01T00:32:16.510Z,host-07,web-proxy,45679,80,6,4831,17,0.469,SYN ACK,1,16,0.0647,0.672,0,64,64240,16384,0
2026-01-01T00:32:21.000Z,host-06,host-06,54447,3389,6,21117,65,1.299,SYN ACK PSH,1,64,0.1256,0.709,0,64,64240,16384,0
2026-01-01T00:32:25.509Z,host-01,auth-service,54411,8443,6,750,30,0.927,SYN ACK,1,29,0.119,0.625,0,64,65535,16384,0
2026-01-01T00:32:28.000Z,host-06,server-03,55557,5985,6,51965,66,0.844,SYN ACK PSH,1,65,0.1593,0.747,0,64,65535,16384,1
2026-01-01T00:32:35.000Z,host-06,host-06,41388,445,6,24610,75,1.433,SYN ACK PSH,1,74,0.1336,0.537,0,64,65535,16384,0
2026-01-01T00:32:37.709Z,host-06,auth-service,51609,443,6,1586,12,0.966,SYN ACK,1,11,0.1542,0.535,0,64,65535,16384,0
2026-01-01T00:32:39.143Z,host-08,auth-service,48147,53,6,3243,26,0.805,SYN ACK,1,25,0.1023,0.879,0,64,64240,16384,0
2026-01-01T00:32:43.623Z,host-08,file-server,50485,53,6,3785,9,0.872,SYN ACK,1,8,0.0998,0.82,0,64,8192,16384,0
2026-01-01T00:32:45.118Z,host-01,web-proxy,42217,8443,6,4845,27,0.789,SYN ACK,1,26,0.1254,0.752,0,64,29200,16384,0
2026-01-01T00:32:48.019Z,host-04,file-server,40563,443,6,2225,19,1.42,SYN ACK,1,18,0.0737,0.77,0,64,64240,16384,0
2026-01-01T00:32:48.868Z,host-07,file-server,50982,53,6,974,14,1.3,SYN ACK,1,13,0.0235,0.965,0,64,29200,16384,1
2026-01-01T00:32:50.057Z,host-05,auth-service,51959,53,6,3545,12,1.353,SYN ACK,1,11,0.1057,0.762,0,64,29200,16384,0
2026-01-01T00:32:52.344Z,host-08,auth-service,59995,80,6,2873,10,0.694,SYN ACK,1,9,0.1596,0.609,0,64,29200,16384,0
2026-01-01T00:33:00.000Z,host-06,server-03,40969,445,6,53718,41,1.5,SYN ACK PSH,1,40,0.0987,0.75,0,64,29200,16384,0
2026-01-01T00:33:07.000Z,host-06,host-05,54673,3389,6,56897,67,1.591,SYN ACK PSH,1,66,0.1243,0.666,0,64,29200,16384,0
2026-01-01T00:33:11.871Z,host-04,web-proxy,49429,8443,6,4957,24,0.683,SYN ACK,1,23,0.1019,0.732,0,64,8192,16384,0
2026-01-01T00:33:14.000Z,host-06,server-03,43013,445,6,23939,51,0.878,SYN ACK PSH,1,50,0.0939,0.919,0,64,65535,16384,0
2026-01-01T00:33:17.715Z,host-03,file-server,48776,53,6,1090,28,1.287,SYN ACK,1,27,0.1246,0.569,0,64,65535,16384,1
2026-01-01T00:33:18.200Z,host-06,web-proxy,46163,8443,6,3203,28,0.627,SYN ACK,1,27,0.0785,0.535,0,64,64240,16384,0
2026-01-01T00:33:20.979Z,host-07,file-server,57398,80,6,1466,28,1.036,SYN ACK,1,27,0.091,0.654,0,64,29200,16384,0
2026-01-01T00:33:29.658Z,host-02,auth-service,51494,443,6,3237,12,0.788,SYN ACK,1,11,0.0976,0.918,0,64,65535,16384,0
2026-01-01T00:33:29.711Z,host-08,file-server,41128,53,6,1251,29,0.412,SYN ACK,1,28,0.1524,0.694,0,64,65535,16384,0
2026-01-01T00:33:48.314Z,host-08,file-server,54677,443,6,5914,5,1.03,SYN ACK,1,4,0.099,0.793,0,64,8192,16384,0
2026-01-01T00:33:52.904Z,host-03,auth-service,46707,443,6,2807,10,0.637,SYN ACK,1,9,0.0848,0.709,0,64,64240,16384,0
2026-01-01T00:33:56.055Z,host-04,file-server,56769,443,6,3032,27,0.558,SYN ACK,1,26,0.1326,0.581,0,64,29200,16384,0
2026-01-01T00:33:56.657Z,host-07,file-server,55273,443,6,5913,7,0.737,SYN ACK,1,6,0.1243,0.611,0,64,65535,16384,0
2026-01-01T00:33:58.385Z,host-02,auth-service,49325,443,6,4391,8,1.013,SYN ACK,1,7,0.1134,0.751,0,64,64240,16384,0
2026-01-01T00:34:00.000Z,host-06,server-03,45331,445,6,32901,95,0.842,SYN ACK PSH,1,94,0.1183,0.724,0,64,64240,16384,0
2026-01-01T00:34:04.425Z,host-03,auth-service,51625,8443,6,3018,28,1.205,SYN ACK,1,27,0.097,0.616,0,64,8192,16384,0
2026-01-01T00:34:07.000Z,host-06,host-01,55971,5985,6,45898,114,0.955,SYN ACK PSH,1,113,0.06,0.616,0,64,8192,16384,0
2026-01-01T00:34:10.772Z,host-01,auth-service,58062,8443,6,2380,18,0.842,SYN ACK,1,17,0.1237,0.926,0,64,64240,16384,0
2026-01-01T00:34:14.000Z,host-06,server-03,53375,3389,6,36464,89,0.468,SYN ACK PSH,1,88,0.1236,0.672,0,64,8192,16384,0
2026-01-01T00:34:14.608Z,host-03,auth-service,43525,80,6,1208,15,1.27,SYN ACK,1,14,0.0859,0.768,0,64,64240,16384,0
2026-01-01T00:34:21.000Z,host-06,host-07,41604,3389,6,31903,93,1.158,SYN ACK PSH,1,92,0.1512,0.776,0,64,8192,16384,0
2026-01-01T00:34:26.989Z,host-06,web-proxy,49376,8443,6,3029,27,0.485,SYN ACK,1,26,0.0628,0.6,0,64,29200,16384,1
2026-01-01T00:34:32.227Z,host-03,web-proxy,43826,443,6,484,6,1.33,SYN ACK,1,5,0.102,0.605,0,64,8192,16384,1
2026-01-01T00:34:38.497Z,host-03,web-proxy,42246,53,6,1271,21,1.122,SYN ACK,1,20,0.1683,0.839,0,64,29200,16384,0
2026-01-01T00:34:40.926Z,host-08,auth-service,44452,80,6,2188,22,1.481,SYN ACK,1,21,0.0732,0.778,0,64,64240,16384,0
2026-01-01T00:34:47.355Z,host-02,file-server,47886,8443,6,1616,19,0.718,SYN ACK,1,18,0.1107,0.661,0,64,64240,16384,0
2026-01-01T00:34:52.881Z,host-04,file-server,56274,443,6,6000,7,0.557,SYN ACK,1,6,0.1472,0.863,0,64,64240,16384,0
2026-01-01T00:34:53.880Z,host-06,file-server,58233,53,6,4921,12,0.974,SYN ACK,1,11,0.0789,0.581,0,64,64240,16384,0
2026-01-01T00:35:00.000Z,host-06,server-03,59438,5985,6,68774,102,0.737,SYN ACK PSH,1,101,0.1125,0.797,0,64,64240,16384,0
2026-01-01T00:35:01.457Z,host-08,web-proxy,55450,443,6,1142,25,0.789,SYN ACK,1,24,0.0538,0.893,0,64,64240,16384,0
2026-01-01T00:35:07.000Z,host-06,host-06,58326,445,6,41554,68,0.93,SYN ACK PSH,1,67,0.1152,0.793,0,64,64240,16384,0
2026-01-01T00:35:14.000Z,host-06,server-03,46014,3389,6,20871,115,1.061,SYN ACK PSH,1,114,0.0843,0.721,0,64,29200,16384,0
2026-01-01T00:35:17.016Z,host-05,web-proxy,46891,53,6,5457,22,1.017,SYN ACK,1,21,0.1437,0.857,0,64,64240,16384,1
2026-01-01T00:35:21.000Z,host-06,host-05,47743,445,6,35153,100,1.063,SYN ACK PSH,1,99,0.0896,0.9,0,64,64240,16384,1
2026-01-01T00:35:29.530Z,host-06,auth-service,41606,80,6,4477,13,1.566,SYN ACK,1,12,0.0878,0.746,0,64,65535,16384,0
2026-01-01T00:35:37.896Z,host-07,auth-service,59048,80,6,1715,25,0.8,SYN ACK,1,24,0.1644,0.742,0,64,65535,16384,0
2026-01-01T00:35:40.275Z,host-03,web-proxy,41238,53,6,1993,11,0.91,SYN ACK,1,10,0.1349,0.746,0,64,8192,16384,0
2026-01-01T00:35:47.059Z,host-07,file-server,44785,80,6,1884,9,0.324,SYN ACK,1,8,0.1128,0.69,0,64,8192,16384,0
2026-01-01T00:35:54.957Z,host-01,auth-service,55139,8443,6,1242,18,1.111,SYN ACK,1,17,0.1238,0.699,0,64,64240,16384,0
